Date,Views,Average percentage viewed (%),Unique viewers,Subscribers,Watch time (hours),Average view duration,Shares,Likes,Dislikes,Comments added,Impressions,Impressions click-through rate (%)
9/20/20,501,27.21,379,3,48.756,0:05:50,3,4,0,2,4170,4.92
9/21/20,489,12.4,406,3,20.1213,0:02:28,2,9,0,1,2716,6.04
9/22/20,388,18.79,307,2,22.7566,0:03:31,0,6,0,3,3136,5.99
9/23/20,493,15.45,404,3,24.5804,0:02:59,0,4,0,1,3105,5.7
9/24/20,578,10.95,478,4,21.4188,0:02:13,1,5,1,0,3279,5.34
9/25/20,334,19.46,259,0,20.2128,0:03:37,0,4,0,0,2473,5.82
9/26/20,347,24.3,272,3,27.1825,0:04:42,0,7,0,2,2124,6.92
9/27/20,422,32.41,341,2,44.3986,0:06:18,1,10,1,1,3648,5.54
9/28/20,405,19.29,308,0,22.5898,0:03:20,1,11,1,0,2747,5.93
9/29/20,388,21.66,296,3,23.7747,0:03:40,0,3,0,0,2497,6.33
9/30/20,419,25.53,331,3,31.0024,0:04:26,2,5,0,1,2263,6.89
10/1/20,348,22.85,264,1,23.5549,0:04:03,2,4,1,0,2567,5.69
10/2/20,335,19.28,263,0,19.9408,0:03:34,0,5,0,0,2040,6.91
10/3/20,321,21.24,248,0,18.9639,0:03:32,1,3,0,0,1648,6.92
10/4/20,394,20.12,304,1,22.5775,0:03:26,1,1,0,0,1923,8.22
10/5/20,354,20.76,280,4,22.0064,0:03:43,3,11,0,2,2293,6.37
10/6/20,409,20.25,312,2,25.2979,0:03:42,5,8,1,2,2571,6.57
10/7/20,491,20.11,377,6,33.8674,0:04:08,1,8,1,1,2915,5.32
10/8/20,495,16.71,363,4,27.6696,0:03:21,2,11,0,3,2379,6.89
10/9/20,423,20.48,314,1,26.8025,0:03:48,3,9,0,4,2265,5.52
10/10/20,408,18.83,278,2,23.9408,0:03:31,2,11,0,2,1705,6.1
10/11/20,494,28.91,364,3,43.3018,0:05:15,1,15,0,5,2270,5.64
10/12/20,378,15.12,294,0,17.3312,0:02:45,0,13,0,1,2255,5.01
10/13/20,393,18.33,296,1,21.5027,0:03:16,3,11,0,4,3635,5.67
10/14/20,406,18.31,294,2,22.5657,0:03:20,0,11,0,5,3840,5.81
10/15/20,368,18.29,277,1,20.0976,0:03:16,2,9,0,1,3108,6.31
10/16/20,325,19.5,236,4,19.2923,0:03:33,3,9,1,3,2720,4.89
10/17/20,268,19.09,212,0,14.8978,0:03:20,1,4,0,0,2108,5.5
10/18/20,403,15.31,263,2,19.2456,0:02:51,1,7,0,1,3336,6
10/19/20,339,15.42,269,2,16.3731,0:02:53,0,6,0,0,2730,6.3
10/20/20,344,17.62,268,2,18.1721,0:03:10,1,8,0,1,3132,5.2
10/21/20,371,19.19,288,3,21.9293,0:03:32,0,4,0,0,2994,6.18
10/22/20,359,16.95,301,3,18.3814,0:03:04,1,5,0,0,3238,6.24
10/23/20,311,17.72,252,1,16.2893,0:03:08,0,5,1,0,3294,5.13
10/24/20,247,23.92,203,3,16.8507,0:04:05,0,5,0,0,1878,6.39
10/25/20,338,19.21,269,2,19.6305,0:03:29,0,7,0,1,2700,6.26
10/26/20,308,17.78,233,6,16.5962,0:03:13,1,7,1,1,3922,4.46
10/27/20,372,14.99,288,2,16.9014,0:02:43,2,1,0,0,2786,5.81
10/28/20,386,17.13,318,2,20.0354,0:03:06,2,5,1,2,2700,7.52
10/29/20,361,18.29,308,2,18.7381,0:03:06,0,3,0,0,2811,6.05
10/30/20,314,15.66,247,1,14.4296,0:02:45,2,2,0,1,2134,7.45
10/31/20,277,17.87,235,1,14.04,0:03:02,1,5,1,0,1796,7.57
11/1/20,336,16.31,275,1,15.6666,0:02:47,2,3,0,0,2670,6.63
11/2/20,326,17.04,272,3,15.9472,0:02:56,1,4,0,0,2899,5.24
11/3/20,322,19.24,258,1,17.728,0:03:18,2,7,0,3,2221,7.2
11/4/20,323,19.86,270,0,17.9964,0:03:20,0,7,0,1,2272,7.66
11/5/20,332,18.21,270,2,17.5627,0:03:10,2,3,0,0,2248,6.67
11/6/20,394,18.02,298,2,20.8227,0:03:10,5,8,0,0,2241,8.17
11/7/20,315,20.41,254,2,19.1347,0:03:38,4,2,0,0,2434,6.41
11/8/20,413,28.22,318,4,41.9477,0:06:05,4,7,0,1,3182,4.87
11/9/20,360,19.92,298,0,20.1991,0:03:21,2,4,0,1,2259,7.08
11/10/20,409,19.34,313,0,21.6532,0:03:10,3,4,0,0,2261,8.31
11/11/20,337,23.67,291,2,22.2563,0:03:57,1,2,0,1,3479,5.17
11/12/20,421,18.94,334,2,22.3209,0:03:10,1,2,2,0,4025,5.29
11/13/20,317,21.26,261,-1,19.0214,0:03:36,2,8,0,0,2177,7.85
11/14/20,301,18.53,236,3,15.3259,0:03:03,3,9,0,0,2365,6.34
11/15/20,404,19.53,314,3,23.693,0:03:31,1,4,2,1,2917,6.34
11/16/20,350,19.01,289,0,19.5021,0:03:20,0,3,0,0,2243,6.91
11/17/20,430,16.96,346,2,21.6342,0:03:01,2,5,0,1,2657,6.85
11/18/20,422,19.48,331,8,23.4169,0:03:19,4,7,0,0,3423,5.05
11/19/20,403,18.99,322,1,21.5344,0:03:12,1,10,0,2,2861,6.85
11/20/20,473,19.25,356,3,24.1137,0:03:03,3,5,0,2,3257,6.6
11/21/20,333,21.03,265,3,19.6569,0:03:32,4,9,0,0,2428,6.63
11/22/20,351,18.08,284,1,17.9757,0:03:04,2,2,1,0,2342,7.69
11/23/20,467,16.71,357,3,22.1795,0:02:50,0,5,1,3,3499,6.23
11/24/20,369,16.69,315,2,17.531,0:02:51,2,7,0,0,3366,4.96
11/25/20,423,17.07,335,4,20.6758,0:02:55,3,7,1,0,2707,7.61
11/26/20,324,20.19,267,0,17.3056,0:03:12,2,4,0,0,2235,6.17
11/27/20,342,17.47,282,1,16.9266,0:02:58,3,4,0,1,2143,6.39
11/28/20,356,17.75,292,2,18.6663,0:03:08,3,11,0,0,2401,6
11/29/20,381,18.79,303,1,19.9101,0:03:08,2,6,0,1,2531,6.32
11/30/20,431,20.6,328,3,25.9938,0:03:37,7,8,0,0,2882,6.11
12/1/20,387,21.26,317,2,23.1317,0:03:35,3,7,0,1,2753,5.88
12/2/20,471,20.57,375,1,26.3841,0:03:21,6,6,0,0,2731,6.85
12/3/20,403,19.16,326,0,22.0721,0:03:17,1,2,0,0,2692,6.43
12/4/20,304,17.09,256,2,14.086,0:02:46,4,6,0,1,2050,7.22
12/5/20,323,19.96,256,1,18.983,0:03:31,1,5,1,0,2233,5.91
12/6/20,359,18.55,301,2,18.7116,0:03:07,5,4,0,0,2617,6.69
12/7/20,379,19.99,295,2,22.6984,0:03:35,3,9,0,0,2851,5.93
12/8/20,368,20.99,297,4,22.7377,0:03:42,1,9,0,1,3066,6.23
12/9/20,385,20.34,309,2,22.093,0:03:26,8,7,0,1,3017,6.6
12/10/20,381,18.24,291,5,19.7327,0:03:06,3,4,1,1,3100,5.68
12/11/20,328,19.67,283,2,18.2758,0:03:20,1,6,0,2,2348,5.96
12/12/20,269,19.01,209,2,15.2582,0:03:24,1,3,0,2,2473,4.81
12/13/20,314,18.48,266,0,16.3162,0:03:07,5,4,1,1,2191,7.3
12/14/20,315,18.49,258,1,17.8002,0:03:23,0,4,0,1,2593,5.05
12/15/20,377,20.91,292,2,23.3108,0:03:42,5,4,1,1,2315,6.09
12/16/20,280,21.92,229,0,16.5091,0:03:32,1,3,0,0,2272,5.68
12/17/20,330,21.21,268,0,19.4486,0:03:32,1,2,0,3,2407,6.52
12/18/20,300,18.22,255,2,16.1084,0:03:13,0,2,0,0,2460,5.53
12/19/20,234,17.37,192,0,11.0562,0:02:50,1,3,0,1,1795,6.3
12/20/20,250,17.7,199,0,12.3115,0:02:57,0,4,0,0,1730,6.71
12/21/20,278,19.09,226,2,15.5768,0:03:21,4,6,0,0,2241,5.76
12/22/20,265,20.54,215,1,15.4499,0:03:29,2,7,0,0,1798,6.56
12/23/20,241,18.98,196,2,13.0966,0:03:15,1,6,0,1,2020,5.35
12/24/20,175,18.41,142,2,8.8234,0:03:01,1,2,0,0,1700,5.82
12/25/20,185,16.43,150,2,8.4425,0:02:44,1,4,0,0,1411,5.95
12/26/20,193,16.78,153,2,9.078,0:02:49,0,4,0,0,1798,5.28
12/27/20,260,22.92,208,2,17.461,0:04:01,2,2,0,0,2238,5.41
12/28/20,229,22.35,193,1,15.0074,0:03:55,4,1,0,1,2110,5.02
12/29/20,232,19.71,187,1,13.3067,0:03:26,1,4,0,0,2215,4.88
12/30/20,214,19.15,176,0,12.5919,0:03:31,0,0,0,1,1670,5.93
12/31/20,148,19.26,122,1,7.8982,0:03:12,1,1,0,0,1226,5.46
1/1/21,156,20.13,129,1,8.7531,0:03:21,2,2,1,0,1263,5.94
1/2/21,211,20.53,178,1,11.8457,0:03:22,5,3,0,0,1582,5.75
1/3/21,259,13.65,206,1,9.9422,0:02:18,2,4,0,0,1937,5.06
1/4/21,274,21.4,232,2,17.3611,0:03:48,0,10,0,1,1934,6.72
1/5/21,280,18.85,243,1,15.2279,0:03:15,0,3,1,0,2068,5.9
1/6/21,320,20.6,261,3,19.4135,0:03:38,2,9,0,2,2364,6.22
1/7/21,319,16.93,255,0,15.8806,0:02:59,1,0,0,0,2626,5.14
1/8/21,287,18.15,228,2,14.4013,0:03:00,2,5,0,0,2208,6.57
1/9/21,258,19.57,201,3,14.2761,0:03:19,0,3,1,0,2564,4.37
1/10/21,299,18.73,225,0,16.4487,0:03:18,5,7,0,0,2466,4.87
1/11/21,276,18.82,236,0,15.2192,0:03:18,3,4,0,0,2033,5.76
1/12/21,312,18.45,260,1,16.2864,0:03:07,4,5,0,0,3371,4.48
1/13/21,290,18.04,229,1,15.5871,0:03:13,2,3,0,2,2900,5.07
1/14/21,351,18.72,269,2,19.4701,0:03:19,5,5,0,1,2436,6.73
1/15/21,279,19.14,225,1,15.5813,0:03:21,3,8,0,1,2750,4.73
1/16/21,297,21.19,225,1,17.794,0:03:35,1,1,1,0,2693,4.94
1/17/21,293,19.15,229,3,15.7673,0:03:13,1,4,0,0,2632,4.83
1/18/21,304,16.7,245,-1,13.9451,0:02:45,1,1,0,0,2661,6.16
1/19/21,378,20.48,300,3,21.9484,0:03:29,0,4,0,0,2774,6.89
1/20/21,390,21.93,307,3,24.5017,0:03:46,2,13,1,0,2812,6.61
1/21/21,352,20.45,285,3,21.7314,0:03:42,1,6,0,4,2772,6.35
1/22/21,324,19.51,258,6,18.3436,0:03:23,1,3,0,0,2334,6.38
1/23/21,287,22.05,218,0,18.1713,0:03:47,2,2,0,0,2493,5.54
1/24/21,380,20.21,285,1,22.8278,0:03:36,5,2,2,0,3474,6.04
1/25/21,411,22.48,303,1,27.1036,0:03:57,0,6,0,0,2865,6.25
1/26/21,358,21.03,288,2,21.8732,0:03:39,1,7,0,2,3445,4.3
1/27/21,380,22.68,299,3,25.3959,0:04:00,2,4,0,0,3018,5.67
1/28/21,361,25.17,294,1,26.6244,0:04:25,0,9,0,0,3219,6.06
1/29/21,344,20.94,263,1,22.2789,0:03:53,0,6,0,0,2911,4.91
1/30/21,276,20.15,226,1,16.5068,0:03:35,2,7,0,1,2278,5.58
1/31/21,352,22.84,273,4,23.7184,0:04:02,3,4,0,0,2553,6.46
2/1/21,373,22.52,284,4,25.9355,0:04:10,0,4,0,1,2876,5.6
2/2/21,423,19.25,328,3,25.3071,0:03:35,1,4,0,0,3084,5.45
2/3/21,424,20.61,299,5,26.15,0:03:42,6,12,0,0,3581,5.19
2/4/21,344,18.54,256,3,20.1254,0:03:30,4,4,0,1,2669,6.26
2/5/21,340,18.58,261,1,18.7451,0:03:18,3,7,0,0,3502,4.83
2/6/21,306,18.5,232,2,17.0457,0:03:20,4,1,0,0,2678,5.27
2/7/21,313,21.3,233,2,20.0642,0:03:50,0,7,1,2,2936,4.73
2/8/21,358,17.01,298,4,17.9974,0:03:00,1,4,0,0,3503,4.28
2/9/21,313,16.1,259,1,15.0573,0:02:53,0,5,0,0,2232,6.05
2/10/21,324,24.46,279,4,22.1532,0:04:06,1,5,0,0,2310,6.19
2/11/21,354,18.49,280,2,18.96,0:03:12,1,4,0,0,2295,7.15
2/12/21,272,19.3,220,2,15.2881,0:03:22,1,3,0,0,2062,6.11
2/13/21,249,17.93,214,1,13.0429,0:03:08,0,2,0,0,1806,5.54
2/14/21,264,18.26,209,-1,13.9876,0:03:10,3,4,0,0,2128,6.63
2/15/21,378,19.68,300,2,21.638,0:03:26,1,3,0,1,2321,6.72
2/16/21,314,18.79,269,2,17.0367,0:03:15,1,4,0,0,2395,6.35
2/17/21,361,18.67,293,4,19.4318,0:03:13,1,8,0,0,2594,6.71
2/18/21,346,20.52,281,3,20.9314,0:03:37,3,11,0,0,2664,6.53
2/19/21,359,19.04,279,3,20.1113,0:03:21,1,2,0,0,2292,7.5
2/20/21,272,20.25,225,0,15.9686,0:03:31,3,8,1,2,2282,5.43
2/21/21,311,20.3,251,3,18.6988,0:03:36,2,5,0,0,2719,5.96
2/22/21,351,19.31,281,4,20.505,0:03:30,2,10,1,1,2812,6.12
2/23/21,379,21.04,310,2,22.82,0:03:36,4,5,0,2,2523,7.77
2/24/21,423,21.47,333,4,25.6972,0:03:38,6,10,2,0,2691,7.73
2/25/21,342,19.53,296,2,19.282,0:03:22,10,3,2,0,2757,6.46
2/26/21,308,21.15,245,3,19.2292,0:03:44,1,7,0,0,2389,6.53
2/27/21,301,20.89,243,0,19.1425,0:03:48,8,3,0,0,2219,7.35
2/28/21,332,15.42,261,1,14.9402,0:02:42,0,5,0,1,2533,6.2
3/1/21,399,20.37,322,4,22.9764,0:03:27,1,4,0,0,2701,7.07
3/2/21,408,19.61,341,6,24.7469,0:03:38,2,2,0,2,2633,7.18
3/3/21,381,17.36,311,1,19.5204,0:03:04,2,6,0,0,2705,6.73
3/4/21,384,20.47,300,6,23.2694,0:03:38,1,9,2,1,2725,6.2
3/5/21,337,19.31,264,3,18.0531,0:03:12,4,4,0,0,2574,7.11
3/6/21,305,18.36,250,2,17.237,0:03:23,0,5,0,0,2310,7.23
3/7/21,336,18.59,265,0,18.79,0:03:21,1,7,1,0,2636,6.68
3/8/21,369,16.64,302,1,17.628,0:02:51,1,4,0,0,2429,7.74
3/9/21,406,17.52,325,5,21.2236,0:03:08,2,4,0,0,2752,7.3
3/10/21,387,19.88,319,1,22.1984,0:03:26,1,9,0,1,2813,7.5
3/11/21,412,19.44,307,5,23.6677,0:03:26,1,8,1,0,3221,6.64
3/12/21,357,16.3,267,2,17.6889,0:02:58,2,0,1,0,2500,7.04
3/13/21,305,17.95,247,0,16.4588,0:03:14,0,1,1,0,2780,5.97
3/14/21,344,17.7,282,1,17.9555,0:03:07,0,3,0,0,2537,7.21
3/15/21,361,18.4,286,3,20.2785,0:03:22,1,5,0,1,2751,6.54
3/16/21,345,17.9,283,5,16.9877,0:02:57,0,6,0,0,2840,6.37
3/17/21,411,15.72,323,5,18.4987,0:02:42,2,8,0,0,2995,6.58
3/18/21,377,19.68,304,1,20.6038,0:03:16,4,3,0,1,3093,6.66
3/19/21,316,16.15,245,1,14.1151,0:02:40,2,2,0,0,2428,7.33
3/20/21,279,19.55,234,0,15.0562,0:03:14,3,2,1,0,2551,6.04
3/21/21,308,19.66,239,1,17.1069,0:03:19,0,1,0,0,2933,6
3/22/21,433,19.58,338,2,24.7483,0:03:25,32,5,0,0,3066,7.4
3/23/21,409,20.26,334,1,23.3079,0:03:25,4,4,0,1,2456,8.22
3/24/21,378,16.95,295,0,18.7895,0:02:58,1,3,0,1,2826,7.08
3/25/21,336,18.33,289,1,17.8596,0:03:11,3,4,0,0,2509,7.45
3/26/21,353,21.4,279,0,21.6572,0:03:40,0,7,1,0,2673,7
3/27/21,303,20.97,243,0,17.6373,0:03:29,3,6,0,0,2170,7.28
3/28/21,339,16.79,278,0,16.5142,0:02:55,3,4,0,0,2299,7.92
3/29/21,409,19.28,320,4,23.537,0:03:27,3,9,0,1,3072,6.58
3/30/21,389,17.69,322,3,19.221,0:02:57,0,6,0,1,2327,8.47
3/31/21,286,17.8,246,5,15.7287,0:03:17,0,4,0,0,2294,7.24
4/1/21,319,22.12,266,1,20.6591,0:03:53,2,5,0,0,2617,6.76
4/2/21,275,18.72,230,1,15.4214,0:03:21,0,1,0,1,1785,7.62
4/3/21,292,20.6,241,2,16.9793,0:03:29,4,5,0,0,1967,7.07
4/4/21,281,22.07,216,4,16.7179,0:03:34,2,6,0,0,2133,6.75
4/5/21,348,18.95,267,1,20.149,0:03:28,4,6,0,0,2456,6.8
4/6/21,369,20.31,301,0,21.2101,0:03:26,1,8,0,1,2998,6.14
4/7/21,361,17.12,289,1,17.2957,0:02:52,0,5,0,0,2745,7.25
4/8/21,350,20.45,286,0,20.5121,0:03:30,0,5,1,0,2319,7.89
4/9/21,262,15.74,224,-1,12.0735,0:02:45,0,3,0,2,2770,4.58
4/10/21,290,20.41,235,-1,16.5778,0:03:25,3,8,0,1,2070,7.44
4/11/21,331,19.06,274,1,19.2537,0:03:29,6,6,0,2,2675,6.28
4/12/21,353,18.62,289,-1,18.262,0:03:06,17,5,0,3,3263,5.82
4/13/21,325,18.82,272,1,18.7449,0:03:27,1,7,0,1,2485,6.64
4/14/21,359,18.81,300,1,20.0529,0:03:21,1,11,0,4,2456,7.49
4/15/21,366,20.28,305,1,20.7775,0:03:24,4,5,1,0,2244,8.11
4/16/21,323,18.9,260,2,16.7928,0:03:07,1,4,0,1,2246,6.63
4/17/21,268,22.56,210,2,17.6817,0:03:57,2,4,0,0,2603,5.57
4/18/21,323,16.79,254,1,15.5765,0:02:53,6,6,0,0,2074,8.82
4/19/21,391,17.47,295,2,20.6606,0:03:10,0,5,1,1,3352,6.53
4/20/21,346,19.94,283,3,19.7509,0:03:25,3,7,1,0,2520,6.9
4/21/21,327,19.22,265,2,17.2241,0:03:09,2,2,0,4,2646,6.16
4/22/21,359,18.08,284,0,19.3649,0:03:14,9,7,0,0,2635,6.68
4/23/21,347,17.84,266,0,18.2304,0:03:09,0,8,0,3,2421,8.18
4/24/21,367,18.13,277,1,18.9454,0:03:05,1,5,1,2,2527,7.4
4/25/21,352,17.87,299,3,19.4057,0:03:18,3,7,0,1,2438,7.67
4/26/21,373,18.54,294,2,19.5239,0:03:08,5,8,-1,0,2586,7.08
4/27/21,411,20.29,321,3,22.4625,0:03:16,7,5,0,2,2757,6.6
4/28/21,469,19.53,387,4,26.2929,0:03:21,2,13,1,1,3029,8.06
4/29/21,401,21.96,296,1,24.6779,0:03:41,0,5,0,0,2602,7.15
4/30/21,343,19.76,290,2,19.6393,0:03:26,6,11,3,1,2365,7.1
5/1/21,324,19.92,270,1,18.7785,0:03:28,3,7,0,2,1980,7.42
5/2/21,348,18.42,277,3,19.1604,0:03:18,0,11,0,0,2088,8.24
5/3/21,399,19.95,312,3,23.7533,0:03:34,3,8,0,0,2697,7.38
5/4/21,444,22.94,331,1,30.2248,0:04:05,1,10,0,0,3102,7.54
5/5/21,479,21.47,395,9,29.7371,0:03:43,4,12,0,0,3398,7.45
5/6/21,431,18.41,353,3,23.0935,0:03:12,0,5,0,0,2768,7.95
5/7/21,403,19.86,306,1,23.9729,0:03:34,3,6,1,1,2751,7.89
5/8/21,313,22.45,261,1,20.687,0:03:57,0,3,1,1,2442,7.86
5/9/21,391,19.4,311,4,22.239,0:03:24,1,1,0,1,3286,6.36
5/10/21,494,20.6,397,4,29.69,0:03:36,1,12,0,0,3300,7.61
5/11/21,431,21.08,354,2,26.708,0:03:43,2,11,0,1,2765,7.81
5/12/21,454,17.44,341,4,23.0963,0:03:03,2,11,0,0,3073,7.22
5/13/21,392,17.62,304,0,20.7868,0:03:10,3,7,0,1,2468,7.9
5/14/21,411,18.5,320,3,21.505,0:03:08,1,6,0,0,2460,8.54
5/15/21,371,19.64,302,2,20.3963,0:03:17,3,9,0,0,2613,6.81
5/16/21,424,17.48,318,1,21.4617,0:03:02,3,6,0,1,2666,8.29
5/17/21,454,17.61,371,2,23.4577,0:03:06,0,5,1,0,3050,7.8
5/18/21,409,17.74,342,4,21.4807,0:03:09,0,9,1,0,2864,6.88
5/19/21,478,18.74,392,1,26.6782,0:03:20,2,5,0,2,3068,7.63
5/20/21,434,19.53,349,3,24.4544,0:03:22,1,7,0,1,2922,7.8
5/21/21,377,16.98,311,3,18.2597,0:02:54,2,10,0,0,2901,6.83
5/22/21,417,18.98,309,2,22.3141,0:03:12,0,3,0,0,2763,8.22
5/23/21,397,16.18,308,1,18.6719,0:02:49,4,6,0,0,2674,8
5/24/21,397,19.45,331,2,23.0361,0:03:28,1,6,0,0,2990,7.49
5/25/21,429,20.19,346,3,24.7604,0:03:27,0,8,1,1,3384,6.94
5/26/21,422,16.67,325,2,19.5158,0:02:46,3,3,0,1,3227,6.29
5/27/21,446,17.3,356,1,22.705,0:03:03,4,13,0,1,3059,8.01
5/28/21,346,23.61,294,2,23.2924,0:04:02,1,6,0,1,3153,5.96
5/29/21,405,17.03,333,1,20.5704,0:03:02,2,4,1,1,2831,7.91
5/30/21,363,18.38,295,3,19.7598,0:03:15,5,2,0,0,2833,6.49
5/31/21,406,22.48,325,2,26.78,0:03:57,4,6,0,0,3100,6.74
6/1/21,458,20.31,381,3,26.3614,0:03:27,3,11,0,1,2992,8.26
6/2/21,395,19.93,345,2,23.3056,0:03:32,5,6,1,0,3022,7.02
6/3/21,355,20.31,305,4,20.3073,0:03:25,1,6,0,1,3194,6.36
6/4/21,364,17.91,291,4,17.8176,0:02:56,2,8,1,0,2559,6.92
6/5/21,349,21.53,274,2,21.0202,0:03:36,3,4,0,0,2493,7.78
6/6/21,392,18.71,274,3,21.7418,0:03:19,2,5,0,2,3037,6.29
6/7/21,419,16.95,338,2,20.7004,0:02:57,2,7,0,1,3025,6.81
6/8/21,390,21.99,310,5,24.2477,0:03:43,1,8,0,1,3364,5.74
6/9/21,422,18,341,0,23.2704,0:03:18,8,3,0,0,2747,8.52
6/10/21,364,19.4,313,1,20.2565,0:03:20,0,6,0,3,2542,7.12
6/11/21,327,17.61,261,0,16.9486,0:03:06,1,2,0,1,2512,7.17
6/12/21,301,17.16,243,1,15.3246,0:03:03,1,10,0,1,2146,6.94
6/13/21,391,19.8,307,0,22.2195,0:03:24,1,10,0,3,2728,7.7
6/14/21,405,16.88,324,1,20.9577,0:03:06,2,7,0,3,3111,6.56
6/15/21,470,23.29,344,4,32.2534,0:04:07,1,5,0,0,3206,8.33
6/16/21,411,21.78,336,5,26.0401,0:03:48,2,6,0,1,2824,7.08
6/17/21,411,18.91,323,2,22.682,0:03:18,2,7,0,1,3110,7.01
6/18/21,321,19.19,270,1,17.8,0:03:19,1,6,0,2,2547,7.03
6/19/21,311,17.8,260,1,16.8745,0:03:15,3,11,0,0,2450,7.51
6/20/21,339,18.27,257,2,19.062,0:03:22,0,7,0,0,2300,7.7
6/21/21,378,19.05,307,3,20.5706,0:03:15,1,10,1,1,3382,6.39
6/22/21,382,19.69,312,3,22.3649,0:03:30,1,10,0,0,3051,7.01
6/23/21,317,20.89,272,1,19.0608,0:03:36,1,4,1,1,2403,6.95
6/24/21,361,19.33,304,2,20.4123,0:03:23,1,6,0,0,2757,7.04
6/25/21,279,19.48,238,1,16.5665,0:03:33,3,7,0,1,2123,6.5
6/26/21,261,20.67,202,4,16.3063,0:03:44,0,3,0,0,2482,6.33
6/27/21,295,21.4,230,3,18.5762,0:03:46,2,9,0,1,2767,5.49
6/28/21,347,16.22,286,2,17.4783,0:03:01,2,5,0,0,2655,7.12
6/29/21,344,21.08,281,3,22.0897,0:03:51,1,7,0,2,2539,6.62
6/30/21,349,19.75,278,4,20.0377,0:03:26,3,8,0,0,2876,6.05
7/1/21,358,19.93,282,0,22.2144,0:03:43,2,4,1,3,2627,6.78
7/2/21,389,19.73,300,3,22.3593,0:03:26,2,10,0,1,2715,7.22
7/3/21,336,20.02,242,1,22.3406,0:03:59,2,6,0,0,3305,4.93
7/4/21,362,23.88,285,4,28.408,0:04:42,2,5,0,0,2671,6.51
7/5/21,359,17.5,301,4,19.1438,0:03:11,0,10,1,1,2873,6.13
7/6/21,364,19.86,304,1,21.8382,0:03:35,2,5,0,0,2729,6.74
7/7/21,341,16.76,284,1,16.7127,0:02:56,0,10,1,1,2530,6.21
7/8/21,353,19.27,296,3,19.8831,0:03:22,1,6,0,2,2424,7.05
7/9/21,320,17.64,247,0,16.8519,0:03:09,2,3,0,2,2469,6.44
7/10/21,284,18.67,217,2,16.3694,0:03:27,2,2,1,2,1979,6.72
7/11/21,314,18.58,263,1,16.9846,0:03:14,0,9,0,2,2005,7.83
7/12/21,333,15.47,292,2,15.9076,0:02:51,1,4,1,1,2488,6.19
7/13/21,317,21.29,260,1,21.6762,0:04:06,2,4,0,2,2723,5.29
7/14/21,325,16.22,270,1,15.6697,0:02:53,0,4,1,0,2429,5.97
7/15/21,356,20.54,301,3,22.5339,0:03:47,0,3,1,0,2632,6.46
7/16/21,333,21.3,271,2,21.2167,0:03:49,2,5,1,0,2321,6.68
7/17/21,296,18.17,233,0,15.3041,0:03:06,2,4,0,0,2252,6.66
7/18/21,277,19.18,226,1,15.4481,0:03:20,2,3,0,0,1877,6.66
7/19/21,376,19.94,297,3,22.7171,0:03:37,2,5,0,0,2946,6.75
7/20/21,336,21.78,269,4,22.2417,0:03:58,4,8,0,1,2461,6.83
7/21/21,362,19,289,1,20.7315,0:03:26,0,8,1,1,2403,6.91
7/22/21,320,17.75,268,4,17.7345,0:03:19,1,7,0,0,2281,6.93
7/23/21,285,16.86,223,3,14.2413,0:02:59,2,6,0,0,2109,6.02
7/24/21,312,18.72,252,2,16.9737,0:03:15,0,5,0,0,2334,6.38
7/25/21,350,18.06,255,0,18.1667,0:03:06,2,2,0,1,2495,6.05
7/26/21,367,21.68,291,4,22.0476,0:03:36,1,4,1,0,2828,5.48
7/27/21,398,19.49,328,3,22.297,0:03:21,1,9,1,0,3090,6.93
7/28/21,398,18.29,307,4,22.7215,0:03:25,1,9,1,1,3133,6.16
7/29/21,366,16.87,293,3,19.3039,0:03:09,1,4,0,2,2669,7.12
7/30/21,305,20.23,252,4,18.7836,0:03:41,1,7,0,0,2150,6.74
7/31/21,290,20.1,230,1,16.6975,0:03:27,1,7,1,0,2325,6.58
8/1/21,292,17.64,235,1,14.9567,0:03:04,0,5,0,1,2054,7.01
8/2/21,324,20.88,268,1,20.3618,0:03:46,0,6,1,0,2771,5.7
8/3/21,319,20.1,272,0,19.2021,0:03:36,2,7,0,2,2586,6.11
8/4/21,375,18.65,298,3,20.1401,0:03:13,3,8,0,1,2658,7.04
8/5/21,368,18.76,295,3,20.4591,0:03:20,2,9,0,1,2610,7.13
8/6/21,290,19.7,246,2,16.3502,0:03:22,4,8,0,1,2319,6.3
8/7/21,311,18.82,233,2,17.4775,0:03:22,3,6,0,1,2706,5.43
8/8/21,312,17.19,244,1,16.0309,0:03:04,3,6,0,1,2435,6.24
8/9/21,394,21.55,325,4,24.5051,0:03:43,2,7,0,0,2945,6.83
8/10/21,374,17.98,309,2,19.9587,0:03:12,2,6,1,0,2790,6.09
8/11/21,394,21.16,299,1,24.5749,0:03:44,7,10,0,1,3073,6.02
8/12/21,351,18.74,286,3,19.7526,0:03:22,1,7,0,1,2761,5.29
8/13/21,362,19.93,275,3,20.476,0:03:23,5,8,0,0,2774,6.02
8/14/21,354,19.57,275,3,20.0223,0:03:23,3,13,0,1,2910,6.15
8/15/21,313,18.5,251,5,16.4267,0:03:08,0,6,1,1,2656,5.35
8/16/21,450,15.04,362,4,18.9384,0:02:31,2,9,0,1,2943,6.66
8/17/21,358,19.76,291,0,20.3366,0:03:24,1,6,0,0,2705,6.06
8/18/21,414,20.18,345,-1,23.7147,0:03:26,1,5,1,2,3112,5.94
8/19/21,423,18.75,325,3,22.7568,0:03:13,1,5,0,0,2760,6.7
8/20/21,365,17.28,296,2,18.5175,0:03:02,1,9,0,2,2666,7.2
8/21/21,319,15.79,247,4,13.7719,0:02:35,0,4,0,2,2644,5.52
8/22/21,335,18.87,272,2,17.2599,0:03:05,5,4,0,1,2347,6.52
8/23/21,370,18.57,311,4,18.922,0:03:04,2,6,0,0,2580,6.55
8/24/21,481,18.14,372,3,25.3486,0:03:09,1,9,0,2,3150,6.92
8/25/21,427,20.06,342,2,24.045,0:03:22,1,7,0,0,2899,6.52
8/26/21,435,15.85,341,4,20.0484,0:02:45,2,6,0,1,3123,6.37
8/27/21,348,19.1,288,0,19.7001,0:03:23,2,5,0,0,2383,7.43
8/28/21,314,17.29,252,4,16.4323,0:03:08,3,9,1,1,2343,5.89
8/29/21,361,17.07,282,2,18.9188,0:03:08,2,6,0,2,2536,7.1
8/30/21,426,19.26,359,0,25.041,0:03:31,1,3,0,0,2923,7.32
8/31/21,422,20.61,339,7,25.0002,0:03:33,1,6,0,1,3988,4.81
9/1/21,413,17.66,336,1,21.5046,0:03:07,10,7,0,2,3185,5.97
9/2/21,485,23.73,378,2,33.7494,0:04:10,0,17,1,0,3186,6.91
9/3/21,388,18.7,311,2,21.6215,0:03:20,5,11,2,1,2620,6.53
9/4/21,332,16.47,277,2,16.1406,0:02:55,1,7,0,0,2365,6.51
9/5/21,421,20.06,342,2,25.1115,0:03:34,5,6,0,0,2787,6.6
9/6/21,550,19.82,431,1,31.6771,0:03:27,3,8,0,0,3456,7.67
9/7/21,437,19.91,355,4,25.9258,0:03:33,4,6,0,0,3101,6.03
9/8/21,494,20.14,399,1,28.5319,0:03:27,3,6,0,0,3297,7.13
9/9/21,467,17.63,354,6,24.1287,0:03:06,0,9,0,1,3117,5.97
9/10/21,416,21.58,342,2,25.9673,0:03:44,7,11,0,0,3475,5.5
9/11/21,408,18.15,332,2,22.0224,0:03:14,2,6,1,0,2681,6.23
9/12/21,509,22.69,421,1,36.3379,0:04:17,2,4,1,1,3434,6.99
9/13/21,590,22.79,462,1,43.9517,0:04:28,0,8,0,1,3982,6.65
9/14/21,450,16.69,370,3,22.0498,0:02:56,2,5,0,1,2962,6.21
9/15/21,442,20.01,360,5,25.6789,0:03:29,1,11,0,1,2731,7.18
9/16/21,460,22.24,377,0,29.3058,0:03:49,2,8,1,0,3482,6.26
9/17/21,475,20.37,359,5,28.0329,0:03:32,2,9,0,2,3030,6.77
9/18/21,423,19.66,315,1,26.5321,0:03:45,0,2,1,2,2762,7.31
9/19/21,534,18.69,407,2,30.5111,0:03:25,4,7,0,0,3313,7.3
9/20/21,573,20.09,436,0,34.6672,0:03:37,3,8,1,0,3553,6.87